<?xml version="1.0" encoding="UTF-8"?>
<project-private xmlns="http://www.netbeans.org/ns/project-private/1">
    <editor-bookmarks xmlns="http://www.netbeans.org/ns/editor-bookmarks/2" lastBookmarkId="0"/>
    <open-files xmlns="http://www.netbeans.org/ns/projectui-open-files/2">
        <group>
            <file>file:/C:/Users/KUMAR/Documents/EMERTXE/MC%20module/assignments/Car_black_box.X/external_eeprom.c</file>
            <file>file:/C:/Users/KUMAR/Documents/EMERTXE/MC%20module/assignments/Car_black_box.X/main.h</file>
            <file>file:/C:/Users/KUMAR/Documents/EMERTXE/MC%20module/assignments/Car_black_box.X/digital_keypad.c</file>
            <file>file:/C:/Users/KUMAR/Documents/EMERTXE/MC%20module/assignments/Car_black_box.X/passsword_screen.c</file>
            <file>file:/C:/Users/KUMAR/Documents/EMERTXE/MC%20module/assignments/Car_black_box.X/default_screen.c</file>
            <file>file:/C:/Users/KUMAR/Documents/EMERTXE/MC%20module/assignments/Car_black_box.X/uart.h</file>
            <file>file:/C:/Users/KUMAR/Documents/EMERTXE/MC%20module/assignments/Car_black_box.X/menu_screen.c</file>
            <file>file:/C:/Users/KUMAR/Documents/EMERTXE/MC%20module/assignments/Car_black_box.X/isr.c</file>
            <file>file:/C:/Users/KUMAR/Documents/EMERTXE/MC%20module/assignments/Car_black_box.X/uart.c</file>
            <file>file:/C:/Users/KUMAR/Documents/EMERTXE/MC%20module/assignments/Car_black_box.X/main.c</file>
        </group>
    </open-files>
</project-private>
